Workbook

Sheet GLOBAL VARIBLES
A1: Variable | B1: Value
A2: Bump Travel (mm) | B2: 228.6
A3: Rebound Travel (mm) | B3: -228.6
A4: Bump Rebound Increment (mm) | B4: 1
A5: Roll Angle (deg) | B5: 15
A6: Roll Increment (deg) | B6: 0.5
A7: Steer Travel (mm) | B7: 55
A8: Steer Increment (mm) | B8: 2
A9: Wheelbase (mm) | B9: 1500
A10: Total Mass C of G Height (mm) | B10: 342.9
A11: Braking Front (%) | B11: 60
A12: Drive Front (%) | B12: 0
A13: Total Mass Front (%) | B13: 42.06
... A24: Unsprung Mass FL (kg) | B24: 9
A25: Unsprung Mass FR (kg) | B25: =B24 -> 9
A26: Unsprung Mass RL (kg) | B26: 11
A27: Unsprung Mass RR (kg) | B27: =B26 -> 11

Sheet FRONT SUSPENSION (MM)
A1: (#) | B1: HARD POINT LOCATION | C1: X (mm) | D1: Y (mm) | E1: Z (mm)
A2: 1 | B2: Lower Wishbone Front Pivot | C2: -946.454 | D2: -173.635 | E2: 65.741
A3: 2 | B3: Lower Wishbone Rear Pivot | C3: -766.691 | D3: -163.768 | E3: 10.044
A4: 3 | B4: Lower Wishbone Outer Ball Joint | C4: -929.346 | D4: -786.412 | E4: -108.219
A5: 4 | B5: Upper Wishbone Front Pivot | C5: -1059.28 | D5: -195.261 | E5: 201.957
A6: 5 | B6: Upper Wishbone Rear Pivot | C6: -751.65 | D6: -178.055 | E6: 105.544
A7: 6 | B7: Upper Wishbone Outer Ball Joint | C7: -906.285 | D7: -763.676 | E7: 35.228
A8: 7 | B8: Damper Wishbone End | C8: -890.513 | D8: -431.171 | E8: 11.295
A9: 8 | B9: Damper Body End | C9: -763.196 | D9: -230.866 | E9: 403.136
A10: 9 | B10: Outer Track Rod Ball Joint | C10: -841.5 | D10: -773.5 | E10: -87
A11: 10 | B11: Inner Track Rod Ball Joint | C11: -790 | D11: -176 | E11: 54.073
A12: 11 | B12: Upper Spring Pivot Point | C12: -763.196 | D12: -230.866 | E12: 403.136
A13: 12 | B13: Lower Spring Pivot Point | C13: -890.513 | D13: -431.171 | E13: 11.295
... A19: 18 | B19: Tie-Rod CG | C19: 4130 | D19: -720 | E19: 275

Sheet FRONT SUSPENSION (IN)
A1: (#) | B1: HARD POINT LOCATION | C1: X (in) | D1: Y (in) | E1: Z (in)
A2: ='FRONT SUSPENSION (MM)'!A2 -> 1 | B2: ='FRONT SUSPENSION (MM)'!B2 -> Lower Wishbone Front Pivot | C2: =CONVERT('FRONT SUSPENSION (MM)'!C2, "mm", "in") -> -37.261969 | D2: =CONVERT('FRONT SUSPENSION (MM)'!D2, "mm", "in") -> -6.8360236 | E2: =CONVERT('FRONT SUSPENSION (MM)'!E2, "mm", "in") -> 2.5882283
A3: ='FRONT SUSPENSION (MM)'!A3 -> 2 | B3: ='FRONT SUSPENSION (MM)'!B3 -> Lower Wishbone Rear Pivot | C3: =CONVERT('FRONT SUSPENSION (MM)'!C3, "mm", "in") -> -30.184685 | D3: =CONVERT('FRONT SUSPENSION (MM)'!D3, "mm", "in") -> -6.4475591 | E3: =CONVERT('FRONT SUSPENSION (MM)'!E3, "mm", "in") -> 0.39543307
A4: ='FRONT SUSPENSION (MM)'!A4 -> 3 | B4: ='FRONT SUSPENSION (MM)'!B4 -> Lower Wishbone Outer Ball Joint | C4: =CONVERT('FRONT SUSPENSION (MM)'!C4, "mm", "in") -> -36.588425 | D4: =CONVERT('FRONT SUSPENSION (MM)'!D4, "mm", "in") -> -30.961102 | E4: =CONVERT('FRONT SUSPENSION (MM)'!E4, "mm", "in") -> -4.2605906
A5: ='FRONT SUSPENSION (MM)'!A5 -> 4 | B5: ='FRONT SUSPENSION (MM)'!B5 -> Upper Wishbone Front Pivot | C5: =CONVERT('FRONT SUSPENSION (MM)'!C5, "mm", "in") -> -41.703937 | D5: =CONVERT('FRONT SUSPENSION (MM)'!D5, "mm", "in") -> -7.6874409 | E5: =CONVERT('FRONT SUSPENSION (MM)'!E5, "mm", "in") -> 7.951063
A6: ='FRONT SUSPENSION (MM)'!A6 -> 5 | B6: ='FRONT SUSPENSION (MM)'!B6 -> Upper Wishbone Rear Pivot | C6: =CONVERT('FRONT SUSPENSION (MM)'!C6, "mm", "in") -> -29.59252 | D6: =CONVERT('FRONT SUSPENSION (MM)'!D6, "mm", "in") -> -7.0100394 | E6: =CONVERT('FRONT SUSPENSION (MM)'!E6, "mm", "in") -> 4.1552756
A7: ='FRONT SUSPENSION (MM)'!A7 -> 6 | B7: ='FRONT SUSPENSION (MM)'!B7 -> Upper Wishbone Outer Ball Joint | C7: =CONVERT('FRONT SUSPENSION (MM)'!C7, "mm", "in") -> -35.680512 | D7: =CONVERT('FRONT SUSPENSION (MM)'!D7, "mm", "in") -> -30.065984 | E7: =CONVERT('FRONT SUSPENSION (MM)'!E7, "mm", "in") -> 1.3869291
A8: ='FRONT SUSPENSION (MM)'!A8 -> 7 | B8: ='FRONT SUSPENSION (MM)'!B8 -> Damper Wishbone End | C8: =CONVERT('FRONT SUSPENSION (MM)'!C8, "mm", "in") -> -35.059567 | D8: =CONVERT('FRONT SUSPENSION (MM)'!D8, "mm", "in") -> -16.975236 | E8: =CONVERT('FRONT SUSPENSION (MM)'!E8, "mm", "in") -> 0.44468504
A9: ='FRONT SUSPENSION (MM)'!A9 -> 8 | B9: ='FRONT SUSPENSION (MM)'!B9 -> Damper Body End | C9: =CONVERT('FRONT SUSPENSION (MM)'!C9, "mm", "in") -> -30.047087 | D9: =CONVERT('FRONT SUSPENSION (MM)'!D9, "mm", "in") -> -9.0892126 | E9: =CONVERT('FRONT SUSPENSION (MM)'!E9, "mm", "in") -> 15.871496
A10: ='FRONT SUSPENSION (MM)'!A10 -> 9 | B10: ='FRONT SUSPENSION (MM)'!B10 -> Outer Track Rod Ball Joint | C10: =CONVERT('FRONT SUSPENSION (MM)'!C10, "mm", "in") -> -33.129921 | D10: =CONVERT('FRONT SUSPENSION (MM)'!D10, "mm", "in") -> -30.452756 | E10: =CONVERT('FRONT SUSPENSION (MM)'!E10, "mm", "in") -> -3.4251968
A11: ='FRONT SUSPENSION (MM)'!A11 -> 10 | B11: ='FRONT SUSPENSION (MM)'!B11 -> Inner Track Rod Ball Joint | C11: =CONVERT('FRONT SUSPENSION (MM)'!C11, "mm", "in") -> -31.102362 | D11: =CONVERT('FRONT SUSPENSION (MM)'!D11, "mm", "in") -> -6.9291339 | E11: =CONVERT('FRONT SUSPENSION (MM)'!E11, "mm", "in") -> 2.1288583
A12: ='FRONT SUSPENSION (MM)'!A12 -> 11 | B12: ='FRONT SUSPENSION (MM)'!B12 -> Upper Spring Pivot Point | C12: =CONVERT('FRONT SUSPENSION (MM)'!C12, "mm", "in") -> -30.047087 | D12: =CONVERT('FRONT SUSPENSION (MM)'!D12, "mm", "in") -> -9.0892126 | E12: =CONVERT('FRONT SUSPENSION (MM)'!E12, "mm", "in") -> 15.871496
A13: ='FRONT SUSPENSION (MM)'!A13 -> 12 | B13: ='FRONT SUSPENSION (MM)'!B13 -> Lower Spring Pivot Point | C13: =CONVERT('FRONT SUSPENSION (MM)'!C13, "mm", "in") -> -35.059567 | D13: =CONVERT('FRONT SUSPENSION (MM)'!D13, "mm", "in") -> -16.975236 | E13: =CONVERT('FRONT SUSPENSION (MM)'!E13, "mm", "in") -> 0.44468504
... A19: ='FRONT SUSPENSION (MM)'!A19 -> 18 | B19: ='FRONT SUSPENSION (MM)'!B19 -> Tie-Rod CG | C19: =CONVERT('FRONT SUSPENSION (MM)'!C19, "mm", "in") -> 162.59843 | D19: =CONVERT('FRONT SUSPENSION (MM)'!D19, "mm", "in") -> -28.346457 | E19: =CONVERT('FRONT SUSPENSION (MM)'!E19, "mm", "in") -> 10.826772

Sheet REAR SUSPENSION (mm)
A1: (#) | B1: HARD POINT LOCATION | C1: X (in) | D1: Y (in) | E1: Z (in)
A2: ='FRONT SUSPENSION (MM)'!A2 -> 1 | B2: Lower Wish Front Pivot | C2: 1211.7341 | D2: 292.08677 | E2: 404.29797
A3: ='FRONT SUSPENSION (MM)'!A3 -> 2 | B3: Lower Wish Rear Pivot | C3: 1896.3566 | D3: 109.91212 | E3: 344.40127
A4: ='FRONT SUSPENSION (MM)'!A4 -> 3 | B4: Lower With Upright Joint | C4: 1737.2041 | D4: 652.82041 | E4: 218.27206
A5: ='FRONT SUSPENSION (MM)'!A5 -> 4 | B5: Upper Wish Front Pivot | C5: 1238.4159 | D5: 324.59249 | E5: 500.94454
A6: ='FRONT SUSPENSION (MM)'!A6 -> 5 | B6: Upper Wish Rear Pivot | C6: 1871.8911 | D6: 156.02791 | E6: 445.52265
A7: ='FRONT SUSPENSION (MM)'!A7 -> 6 | B7: Upper Wish Upright Joint | C7: 1750.4789 | D7: 647.63772 | E7: 370.00431
A8: ='FRONT SUSPENSION (MM)'!A8 -> 7 | B8: Shock Mount Wishbone | C8: 1585.6104 | D8: 432.89558 | E8: 328.19927
A9: ='FRONT SUSPENSION (MM)'!A9 -> 8 | B9: Shock Mount Body | C9: 1623.5757 | D9: 258.90578 | E9: 762.14481
A10: ='FRONT SUSPENSION (MM)'!A10 -> 9 | B10: Toe Rod Outer Joint | C10: 1826.0396 | D10: 648.6668 | E10: 359.42974
A11: ='FRONT SUSPENSION (MM)'!A11 -> 10 | B11: Toe Rod Inner Joint | C11: 1786.6194 | D11: 501.30146 | E11: 392.48367
A12: ='FRONT SUSPENSION (MM)'!A12 -> 11 | B12: Upper Spring Pivot | C12: 1623.5757 | D12: 258.90578 | E12: 762.14481
A13: ='FRONT SUSPENSION (MM)'!A13 -> 12 | B13: Lower Spring Pivot | C13: 1585.6104 | D13: 432.89558 | E13: 328.19927
... A15: ='FRONT SUSPENSION (MM)'!A15 -> 14 | B15: Wheel Center Point | C15: 1743.8415 | D15: 688.30586 | E15: 295.46784
A16: ='FRONT SUSPENSION (MM)'!A16 -> 15 | B16: ='FRONT SUSPENSION (MM)'!B16 -> Lower Wishbone CG | C16: 1308.1 | D16: 342.9 | E16: 322.58
A17: ='FRONT SUSPENSION (MM)'!A17 -> 16 | B17: ='FRONT SUSPENSION (MM)'!B17 -> Upper Wishbone CG | C17: 1620.52 | D17: 365.76 | E17: 436.88
A18: ='FRONT SUSPENSION (MM)'!A18 -> 17 | B18: ='FRONT SUSPENSION (MM)'!B18 -> Knuckle CG | C18: 1803.4 | D18: 574.04 | E18: 375.92
A19: ='FRONT SUSPENSION (MM)'!A19 -> 18 | B19: ='FRONT SUSPENSION (MM)'!B19 -> Tie-Rod CG | C19: 1765.3 | D19: 660.4 | E19: 309.88

Sheet REAR SUSPENSION (in)
A1: (#) | B1: HARD POINT LOCATION | C1: X (in) | D1: Y (in) | E1: Z (in)
A2: ='FRONT SUSPENSION (MM)'!A2 -> 1 | B2: Lower Wish Front Pivot | C2: =CONVERT('REAR SUSPENSION (mm)'!C2, "mm", "in") -> 47.706068 | D2: =CONVERT('REAR SUSPENSION (mm)'!D2, "mm", "in") -> 11.499479 | E2: =CONVERT('REAR SUSPENSION (mm)'!E2, "mm", "in") -> 15.917243
A3: ='FRONT SUSPENSION (MM)'!A3 -> 2 | B3: Lower Wish Rear Pivot | C3: =CONVERT('REAR SUSPENSION (mm)'!C3, "mm", "in") -> 74.659709 | D3: =CONVERT('REAR SUSPENSION (mm)'!D3, "mm", "in") -> 4.327249 | E3: =CONVERT('REAR SUSPENSION (mm)'!E3, "mm", "in") -> 13.559105
A4: ='FRONT SUSPENSION (MM)'!A4 -> 3 | B4: Lower With Upright Joint | C4: =CONVERT('REAR SUSPENSION (mm)'!C4, "mm", "in") -> 68.393861 | D4: =CONVERT('REAR SUSPENSION (mm)'!D4, "mm", "in") -> 25.701591 | E4: =CONVERT('REAR SUSPENSION (mm)'!E4, "mm", "in") -> 8.593388
A5: ='FRONT SUSPENSION (MM)'!A5 -> 4 | B5: Upper Wish Front Pivot | C5: =CONVERT('REAR SUSPENSION (mm)'!C5, "mm", "in") -> 48.756533 | D5: =CONVERT('REAR SUSPENSION (mm)'!D5, "mm", "in") -> 12.779232 | E5: =CONVERT('REAR SUSPENSION (mm)'!E5, "mm", "in") -> 19.722226
A6: ='FRONT SUSPENSION (MM)'!A6 -> 5 | B6: Upper Wish Rear Pivot | C6: =CONVERT('REAR SUSPENSION (mm)'!C6, "mm", "in") -> 73.696501 | D6: =CONVERT('REAR SUSPENSION (mm)'!D6, "mm", "in") -> 6.142831 | E6: =CONVERT('REAR SUSPENSION (mm)'!E6, "mm", "in") -> 17.540262
A7: ='FRONT SUSPENSION (MM)'!A7 -> 6 | B7: Upper Wish Upright Joint | C7: =CONVERT('REAR SUSPENSION (mm)'!C7, "mm", "in") -> 68.916493 | D7: =CONVERT('REAR SUSPENSION (mm)'!D7, "mm", "in") -> 25.497548 | E7: =CONVERT('REAR SUSPENSION (mm)'!E7, "mm", "in") -> 14.567099
A8: ='FRONT SUSPENSION (MM)'!A8 -> 7 | B8: Shock Mount Wishbone | C8: =CONVERT('REAR SUSPENSION (mm)'!C8, "mm", "in") -> 62.425607 | D8: =CONVERT('REAR SUSPENSION (mm)'!D8, "mm", "in") -> 17.043133 | E8: =CONVERT('REAR SUSPENSION (mm)'!E8, "mm", "in") -> 12.921231
A9: ='FRONT SUSPENSION (MM)'!A9 -> 8 | B9: Shock Mount Body | C9: =CONVERT('REAR SUSPENSION (mm)'!C9, "mm", "in") -> 63.920304 | D9: =CONVERT('REAR SUSPENSION (mm)'!D9, "mm", "in") -> 10.193141 | E9: =CONVERT('REAR SUSPENSION (mm)'!E9, "mm", "in") -> 30.005701
A10: ='FRONT SUSPENSION (MM)'!A10 -> 9 | B10: Toe Rod Outer Joint | C10: =CONVERT('REAR SUSPENSION (mm)'!C10, "mm", "in") -> 71.891322 | D10: =CONVERT('REAR SUSPENSION (mm)'!D10, "mm", "in") -> 25.538063 | E10: =CONVERT('REAR SUSPENSION (mm)'!E10, "mm", "in") -> 14.150777
A11: ='FRONT SUSPENSION (MM)'!A11 -> 10 | B11: Toe Rod Inner Joint | C11: =CONVERT('REAR SUSPENSION (mm)'!C11, "mm", "in") -> 70.339346 | D11: =CONVERT('REAR SUSPENSION (mm)'!D11, "mm", "in") -> 19.736278 | E11: =CONVERT('REAR SUSPENSION (mm)'!E11, "mm", "in") -> 15.452113
A12: ='FRONT SUSPENSION (MM)'!A12 -> 11 | B12: Upper Spring Pivot | C12: =CONVERT('REAR SUSPENSION (mm)'!C12, "mm", "in") -> 63.920304 | D12: =CONVERT('REAR SUSPENSION (mm)'!D12, "mm", "in") -> 10.193141 | E12: =CONVERT('REAR SUSPENSION (mm)'!E12, "mm", "in") -> 30.005701
A13: ='FRONT SUSPENSION (MM)'!A13 -> 12 | B13: Lower Spring Pivot | C13: =CONVERT('REAR SUSPENSION (mm)'!C13, "mm", "in") -> 62.425607 | D13: =CONVERT('REAR SUSPENSION (mm)'!D13, "mm", "in") -> 17.043133 | E13: =CONVERT('REAR SUSPENSION (mm)'!E13, "mm", "in") -> 12.921231
... A15: ='FRONT SUSPENSION (MM)'!A15 -> 14 | B15: Wheel Center Point | C15: =CONVERT('REAR SUSPENSION (mm)'!C15, "mm", "in") -> 68.655177 | D15: =CONVERT('REAR SUSPENSION (mm)'!D15, "mm", "in") -> 27.098656 | E15: =CONVERT('REAR SUSPENSION (mm)'!E15, "mm", "in") -> 11.632592
A16: ='FRONT SUSPENSION (MM)'!A16 -> 15 | B16: ='FRONT SUSPENSION (MM)'!B16 -> Lower Wishbone CG | C16: =CONVERT('REAR SUSPENSION (mm)'!C16, "mm", "in") -> 51.5 | D16: =CONVERT('REAR SUSPENSION (mm)'!D16, "mm", "in") -> 13.5 | E16: =CONVERT('REAR SUSPENSION (mm)'!E16, "mm", "in") -> 12.7
A17: ='FRONT SUSPENSION (MM)'!A17 -> 16 | B17: ='FRONT SUSPENSION (MM)'!B17 -> Upper Wishbone CG | C17: =CONVERT('REAR SUSPENSION (mm)'!C17, "mm", "in") -> 63.8 | D17: =CONVERT('REAR SUSPENSION (mm)'!D17, "mm", "in") -> 14.4 | E17: =CONVERT('REAR SUSPENSION (mm)'!E17, "mm", "in") -> 17.2
A18: ='FRONT SUSPENSION (MM)'!A18 -> 17 | B18: ='FRONT SUSPENSION (MM)'!B18 -> Knuckle CG | C18: =CONVERT('REAR SUSPENSION (mm)'!C18, "mm", "in") -> 71 | D18: =CONVERT('REAR SUSPENSION (mm)'!D18, "mm", "in") -> 22.6 | E18: =CONVERT('REAR SUSPENSION (mm)'!E18, "mm", "in") -> 14.8
A19: ='FRONT SUSPENSION (MM)'!A19 -> 18 | B19: ='FRONT SUSPENSION (MM)'!B19 -> Tie-Rod CG | C19: =CONVERT('REAR SUSPENSION (mm)'!C19, "mm", "in") -> 69.5 | D19: =CONVERT('REAR SUSPENSION (mm)'!D19, "mm", "in") -> 26 | E19: =CONVERT('REAR SUSPENSION (mm)'!E19, "mm", "in") -> 12.2

Sheet ACKERMANN THROUGH STEERING RACK
A1: Ackermann (%)
A2: X | B2: Front -ve Y | C2: Front +ve Y
A3: 56 | B3: 24.06028 | C3: 24.06028
A4: 54 | B4: 22.18958 | C4: 22.18958
A5: 52 | B5: 20.66246 | C5: 20.66246
A6: 50 | B6: 19.38356 | C6: 19.38356
A7: 48 | B7: 18.29297 | C7: 18.29297
A8: 46 | B8: 17.35042 | C8: 17.35042
A9: 44 | B9: 16.52752 | C9: 16.52752
A10: 42 | B10: 15.80345 | C10: 15.80345
A11: 40 | B11: 15.1625 | C11: 15.1625
A12: 38 | B12: 14.59253 | C12: 14.59253
A13: 36 | B13: 14.08393 | C13: 14.08393
A14: 34 | B14: 13.62904 | C14: 13.62904
... A59: -56 | B59: 24.06028 | C59: 24.06028

Sheet TOE ANGLE THROUGH TRAVEL
A1: Toe Angle {SAE} (deg)
A2: X | B2: Front -ve Y | C2: Front +ve Y | E2: TOTAL CHANGE | F2: =MAX(C3:C231)-MIN(C3:C231) -> 0.71063
A3: 228 | B3: -1.31165 | C3: -1.31165
A4: 226 | B4: -1.30127 | C4: -1.30127
A5: 224 | B5: -1.29096 | C5: -1.29096
A6: 222 | B6: -1.28074 | C6: -1.28074
A7: 220 | B7: -1.2706 | C7: -1.2706
A8: 218 | B8: -1.26054 | C8: -1.26054
A9: 216 | B9: -1.25055 | C9: -1.25055
A10: 214 | B10: -1.24065 | C10: -1.24065
A11: 212 | B11: -1.23082 | C11: -1.23082
A12: 210 | B12: -1.22108 | C12: -1.22108
A13: 208 | B13: -1.21141 | C13: -1.21141
A14: 206 | B14: -1.20182 | C14: -1.20182
... A231: -228 | B231: -1.26572 | C231: -1.26572

Sheet STEERING ANGLE THROUGHT STEERIN
A1: 56 | B1: -50.2957
A2: 54 | B2: -47.3986
A3: 52 | B3: -44.765
A4: 50 | B4: -42.3275
A5: 48 | B5: -40.0425
A6: 46 | B6: -37.88
A7: 44 | B7: -35.8182
A8: 42 | B8: -33.8407
A9: 40 | B9: -31.9349
A10: 38 | B10: -30.0906
A11: 36 | B11: -28.2998
A12: 34 | B12: -26.5556
... A57: -56 | B57: 41.10358
